Workbook

Sheet Hướng dẫn
A1: File thông tin để viết bài – suachuacuasat.com
A2: Phần mềm ProMetal-ToolSEO đọc trực tiếp file này. Lập ngày 07/10/2026.
A4: Cách điền
A5: Ô màu vàng | B5: Bạn điền.
A6: Ô màu xám | B6: Đã điền sẵn từ website ngày 07/10/2026 hoặc do file tự tính. Kiểm tra lại, sai thì sửa.
A7: Cột có dấu * | B7: Bắt buộc. Ô nào chưa chắc thì để trống: bài viết sẽ không nhắc tới thông tin đó, phần mềm không tự bịa.
A8: Dòng “VD” | B8: Ví dụ cách điền. Phần mềm bỏ qua dòng này.
A9: Tên cột | B9: Không đổi tên cột, không xóa dòng tiêu đề (phần mềm đọc theo tên cột).
A10: Điền dần | B10: Không cần điền hết một lần. Khu vực nào có địa chỉ và ít nhất 1 công trình thì làm được trang khu vực đó.
A11: Địa chỉ | B11: Ghi theo phường/xã mới (từ 01/7/2025). Tên khu vực vẫn dùng tên quận/huyện quen gọi.
A12: Công trình | B12: Chỉ ghi tên đường hoặc khu, hạng mục, năm. Không ghi số nhà của khách. Nhiều công trình thì xuống dòng trong ô (Alt+Enter).
A13: Ảnh | B13: Dán link thư mục Google Drive hoặc ghi tên thư mục trên USB.
A14: Giá | B14: Ghi số, đơn vị đồng (ví dụ 300000). Không chắc thì để trống: bài sẽ ghi “báo giá sau khi khảo sát”.
A16: Tiến độ (tự tính)
A17: Khu vực đã có địa chỉ (đủ số nhà + phường) | B17: =SUMPRODUCT(('Khu vực'!F5:F30<>"")*('Khu vực'!G5:G30<>""))&" / "&COUNTA('Khu vực'!B5:B30) -> 0 / 24
A18: Khu vực chọn làm trang riêng | B18: =COUNTIF('Khu vực'!E5:E30,"Có") -> 0
A19: Khu vực đã ghi công trình tiêu biểu | B19: =COUNTA('Khu vực'!Q5:Q30) -> 0
A20: Dịch vụ đã xác nhận có làm | B20: =COUNTIF('Dịch vụ & giá'!E5:E40,"Có")&" / "&COUNTA('Dịch vụ & giá'!C5:C40) -> 0 / 26
A21: Mục thông tin chung đã có giá trị | B21: =COUNTA('Thông tin chung'!C4:C30)&" / "&COUNTA('Thông tin chung'!B4:B30) -> 6 / 25

Sheet Thông tin chung
A1: Thông tin chung về Pro-Metal
A2: Dùng cho mọi bài viết: hotline, giờ làm, bảo hành, tác giả… Ô trống = bài không nhắc tới.
A3: STT | B3: Mục | C3: Giá trị | D3: Ghi chú
A4: 1 | B4: Tên thương hiệu* | C4: Cơ khí Pro-Metal | D4: Lấy từ website
A5: 2 | B5: Tên công ty đầy đủ (nếu có)
A6: 3 | B6: Mã số thuế (nếu muốn hiện trên web)
A7: 4 | B7: Hotline* | C7: 0344440717 | D7: Website đang ghi 03.4444.07.17
A8: 5 | B8: Zalo* | C8: https://zalo.me/0344440717 | D8: Lấy từ website
A9: 6 | B9: Email
A10: 7 | B10: Giờ làm việc chung* | C10: 6:00 – 21:00 hằng ngày | D10: Lấy từ trang Liên hệ
A11: 8 | B11: Nhận việc gấp ngoài giờ, ngày lễ?
A12: 9 | B12: Địa chỉ trụ sở (số nhà, đường)* | C12: 728/1 Lê Trọng Tấn | D12: Lấy từ website
A13: 10 | B13: Phường mới của trụ sở* | D13: Website đang ghi “Sơn Kỳ, Bình Tân”. Sơn Kỳ là phường của Tân Phú cũ, từ 7/2025 đã nhập vào phường mới. Cần tra đúng phường mới.
A14: 11 | B14: Link Google Maps trụ sở
A15: 12 | B15: Năm bắt đầu hoạt động | D15: Chỉ khi điền thì bài mới ghi “… năm kinh nghiệm”
A16: 13 | B16: Tổng số thợ
A17: 14 | B17: Thời gian thợ có mặt trung bình (phút) | D17: Áp dụng khi khu vực không ghi riêng
A18: 15 | B18: Bảo hành sửa chữa (thời gian, phạm vi)*
A19: 16 | B19: Bảo hành thi công mới (thời gian, phạm vi)* | C19: 2 năm cho công trình | D19: Website đang ghi như vậy. Ghi rõ phạm vi: hạng mục nào, không bảo hành trường hợp nào
A20: 17 | B20: Khảo sát, báo giá miễn phí?
A21: 18 | B21: Phí đi lại (nếu có)
A22: 19 | B22: Hình thức thanh toán
A23: 20 | B23: Có xuất hóa đơn VAT?
A24: 21 | B24: Người đứng tên tác giả bài viết (họ tên, vai trò)* | D24: Hiện ở phần tác giả của bài hướng dẫn
A25: 22 | B25: Số năm kinh nghiệm của người đứng tên
A26: 23 | B26: Số đánh giá Google và điểm trung bình (ghi kèm ngày xem) | D26: Chỉ nhắc trong bài nếu điền
A27: 24 | B27: Link Facebook
A28: 25 | B28: Link YouTube / TikTok

Sheet Dịch vụ & giá
A1: Dịch vụ và giá
A2: Xác nhận dịch vụ nào có làm. Phần “hư hỏng hay gặp” và “mẹo” do thợ ghi là nguồn nội dung quan trọng nhất của bài hướng dẫn.
A3: STT | B3: Nhóm | C3: Dịch vụ | D3: URL trang đang có | E3: Có làm?* | F3: Giá từ (đồng) | G3: Giá đến (đồng) | H3: Đơn vị tính | I3: Giá đã gồm | J3: Bảo hành | K3: Thời gian làm thường gặp | L3: Hư hỏng hay gặp (thợ ghi) | M3: Mẹo, lưu ý cho khách (thợ ghi) | N3: Ghi chú
A4: VD | B4: Sửa chữa | C4: Thay bánh xe cửa kéo (ví dụ) | E4: Có | F4: 300000 | G4: 600000 | H4: bộ | I4: Công + bánh xe | J4: 6 tháng | K4: 1–2 giờ | L4: Bánh xe mòn, vỡ bạc đạn do lâu không tra dầu | M4: Tra dầu ray định kỳ
A5: 1 | B5: Sửa chữa | C5: Sửa cửa sắt tại nhà | D5: /dich-vu-sua-chua-cua-sat-tai-nha-hcm/
A6: 2 | B6: Sửa chữa | C6: Sửa cửa kéo | D6: /sua-cua-keo-tphcm/
A7: 3 | B7: Sửa chữa | C7: Thợ hàn sắt tại nhà | D7: /tho-han-sat-tai-nha-tphcm/
A8: 4 | B8: Sửa chữa | C8: Thợ hàn inox tại nhà | D8: /tho-han-inox-tai-nha/
A9: 5 | B9: Sửa chữa | C9: Sửa lan can cầu thang | D9: /sua-lan-can-cau-thang/
A10: 6 | B10: Sửa chữa | C10: Sửa mái hiên, mái che | D10: /sua-mai-hien-mai-che/
A11: 7 | B11: Sửa chữa | C11: Sửa chống dột mái tôn | D11: /sua-chong-dot-mai-ton/
A12: 8 | B12: Sửa chữa | C12: Sửa cửa nhôm kính | D12: /sua-cua-nhom-kinh/
A13: 9 | B13: Sửa chữa | C13: Sửa cổng sắt, cổng lùa (kẹt ray, thay bánh xe) | D13: (chưa có trang)
A14: 10 | B14: Sửa chữa | C14: Sửa cửa cuốn | D14: (chưa có trang)
A15: 11 | B15: Sửa chữa | C15: Sửa cổng tự động, motor cổng | D15: (chưa có trang)
A16: 12 | B16: Sửa chữa | C16: Thay khóa cửa sắt | D16: (chưa có trang)
... A30: 26 | B30: Thi công mới | C30: Thi công nhà xưởng | D30: /thi-cong-nha-xuong/
A31: 27
A32: 28
A33: 29

Sheet Khu vực
A1: Địa chỉ và thông tin từng khu vực
A2: Mỗi dòng là một quận/huyện. Dòng 25–26 dành cho khu vực khác (ví dụ khu Bình Dương, Bà Rịa – Vũng Tàu cũ nếu có phục vụ).
A3: STT | B3: Khu vực* | C3: Thuộc | D3: Đang có trên web (tham khảo) | E3: Làm trang riêng?* | F3: Số nhà, tên đường* | G3: Phường/xã mới (từ 01/7/2025)* | H3: Địa chỉ đầy đủ (tự ghép) | I3: Loại địa điểm | J3: Link Google Maps | K3: Có Google Business Profile riêng? | L3: SĐT riêng (nếu khác hotline) | M3: Giờ làm việc (nếu khác giờ chung) | N3: Thời gian thợ có mặt trung bình (phút) | O3: Dịch vụ KHÔNG làm ở khu vực này | P3: Loại nhà, công trình hay gặp | Q3: Công trình tiêu biểu đã làm (đường/khu, hạng mục, năm) | R3: Link thư mục ảnh công trình | S3: Câu khách khu vực này hay hỏi | T3: Ghi chú
A4: VD | B4: Bình Tân (ví dụ) | C4: Quận | E4: Có | F4: 123 Đường Số 7 | G4: Phường Bình Trị Đông | H4: =IF(AND(F4<>"",G4<>""),F4&", "&G4&", TP. Hồ Chí Minh","") -> 123 Đường Số 7, Phường Bình Trị Đông, TP. Hồ Chí Minh | I4: Xưởng | J4: https://maps.app.goo.gl/... | K4: Có | N4: 30 | O4: Cửa cuốn | P4: Nhà phố trong hẻm, xưởng nhỏ | Q4: Đường Số 7 – thay bánh xe cửa kéo, 2026 Khu dân cư ABC – hàn lại cổng sắt, 2025 | R4: https://drive.google.com/... | S4: Cửa kéo bị kẹt có sửa trong ngày được không?
A5: 1 | B5: Quận 1 | C5: Quận | D5: Trang Liên hệ: 44 Đinh Công Tráng, Tân Định, Quận 1; 202 Lê Lai, P. Phạm Ngũ Lão, Quận 1 | H5: =IF(AND(F5<>"",G5<>""),F5&", "&G5&", TP. Hồ Chí Minh","")
A6: 2 | B6: Quận 3 | C6: Quận | D6: Trang Liên hệ: 64 Vườn Chuối, Quận 3; 216 Lý Chính Thắng, P.9, Quận 3; 412 Nguyễn Thị Minh Khai, P.5, Quận 3 | H6: =IF(AND(F6<>"",G6<>""),F6&", "&G6&", TP. Hồ Chí Minh","")
A7: 3 | B7: Quận 4 | C7: Quận | H7: =IF(AND(F7<>"",G7<>""),F7&", "&G7&", TP. Hồ Chí Minh","")
A8: 4 | B8: Quận 5 | C8: Quận | H8: =IF(AND(F8<>"",G8<>""),F8&", "&G8&", TP. Hồ Chí Minh","")
A9: 5 | B9: Quận 6 | C9: Quận | H9: =IF(AND(F9<>"",G9<>""),F9&", "&G9&", TP. Hồ Chí Minh","")
A10: 6 | B10: Quận 7 | C10: Quận | H10: =IF(AND(F10<>"",G10<>""),F10&", "&G10&", TP. Hồ Chí Minh","")
A11: 7 | B11: Quận 8 | C11: Quận | H11: =IF(AND(F11<>"",G11<>""),F11&", "&G11&", TP. Hồ Chí Minh","")
A12: 8 | B12: Quận 10 | C12: Quận | H12: =IF(AND(F12<>"",G12<>""),F12&", "&G12&", TP. Hồ Chí Minh","")
A13: 9 | B13: Quận 11 | C13: Quận | H13: =IF(AND(F13<>"",G13<>""),F13&", "&G13&", TP. Hồ Chí Minh","")
A14: 10 | B14: Quận 12 | C14: Quận | D14: Có trong footer “Khu vực phục vụ” | H14: =IF(AND(F14<>"",G14<>""),F14&", "&G14&", TP. Hồ Chí Minh","")
A15: 11 | B15: Bình Tân | C15: Quận | D15: Trang Liên hệ: 1686 Tỉnh Lộ 10, P. Bình Tân; trụ sở 728/1 Lê Trọng Tấn, Sơn Kỳ, Bình Tân; Có trong footer “Khu vực phục vụ” | H15: =IF(AND(F15<>"",G15<>""),F15&", "&G15&", TP. Hồ Chí Minh","") | T15: Trụ sở ghi “Sơn Kỳ, Bình Tân” nhưng Sơn Kỳ thuộc Tân Phú cũ: cần xác định trụ sở thuộc khu vực nào
A16: 12 | B16: Bình Thạnh | C16: Quận | D16: Có trong footer “Khu vực phục vụ” | H16: =IF(AND(F16<>"",G16<>""),F16&", "&G16&", TP. Hồ Chí Minh","")
A17: 13 | B17: Gò Vấp | C17: Quận | D17: Có trong footer “Khu vực phục vụ” | H17: =IF(AND(F17<>"",G17<>""),F17&", "&G17&", TP. Hồ Chí Minh","")
A18: 14 | B18: Phú Nhuận | C18: Quận | H18: =IF(AND(F18<>"",G18<>""),F18&", "&G18&", TP. Hồ Chí Minh","")
A19: 15 | B19: Tân Bình | C19: Quận | D19: Trang Liên hệ: Lầu 4, 249 Cộng Hòa, P.13, Tân Bình; 11A Hồng Hà, P.2, Tân Bình | H19: =IF(AND(F19<>"",G19<>""),F19&", "&G19&", TP. Hồ Chí Minh","")
A20: 16 | B20: Tân Phú | C20: Quận | D20: Có trong footer “Khu vực phục vụ” | H20: =IF(AND(F20<>"",G20<>""),F20&", "&G20&", TP. Hồ Chí Minh","") | T20: Xem ghi chú dòng Bình Tân về địa chỉ trụ sở
A21: 17 | B21: Thủ Đức | C21: TP Thủ Đức (2021–6/2025) | D21: Có trong footer “Khu vực phục vụ” | H21: =IF(AND(F21<>"",G21<>""),F21&", "&G21&", TP. Hồ Chí Minh","") | T21: Khu Thủ Đức cũ
A22: 18 | B22: Quận 2 (cũ) | C22: TP Thủ Đức (2021–6/2025) | H22: =IF(AND(F22<>"",G22<>""),F22&", "&G22&", TP. Hồ Chí Minh","") | T22: Người dùng vẫn tìm “quận 2”; có thể gộp vào trang Thủ Đức nếu ít dữ liệu
A23: 19 | B23: Quận 9 (cũ) | C23: TP Thủ Đức (2021–6/2025) | H23: =IF(AND(F23<>"",G23<>""),F23&", "&G23&", TP. Hồ Chí Minh","") | T23: Người dùng vẫn tìm “quận 9”; có thể gộp vào trang Thủ Đức nếu ít dữ liệu
A24: 20 | B24: Bình Chánh | C24: Huyện | D24: Có trong footer “Khu vực phục vụ” | H24: =IF(AND(F24<>"",G24<>""),F24&", "&G24&", TP. Hồ Chí Minh","")
A25: 21 | B25: Cần Giờ | C25: Huyện | H25: =IF(AND(F25<>"",G25<>""),F25&", "&G25&", TP. Hồ Chí Minh","")
A26: 22 | B26: Củ Chi | C26: Huyện | H26: =IF(AND(F26<>"",G26<>""),F26&", "&G26&", TP. Hồ Chí Minh","")
A27: 23 | B27: Hóc Môn | C27: Huyện | D27: Có trong footer “Khu vực phục vụ” | H27: =IF(AND(F27<>"",G27<>""),F27&", "&G27&", TP. Hồ Chí Minh","")
A28: 24 | B28: Nhà Bè | C28: Huyện | H28: =IF(AND(F28<>"",G28<>""),F28&", "&G28&", TP. Hồ Chí Minh","")
A29: 25 | C29: Khác | H29: =IF(AND(F29<>"",G29<>""),F29&", "&G29&", TP. Hồ Chí Minh","")
A30: 26 | C30: Khác | H30: =IF(AND(F30<>"",G30<>""),F30&", "&G30&", TP. Hồ Chí Minh","")
